,year,month,day,year_col,title,genre_final,gross_adj,budget_adj,female_dist7,male_dist7,gender_majority
0,2000,6,29,1,Anaknya Sazali,COMEDY,333817.2972,2302110.355,0.428571429,0.571428571,Male
1,2000,4,6,2,Mimpi Moon,ROMANTIC_COMEDY,851196.955,2302110.355,0.428571429,0.571428571,Male
2,2000,12,27,3,Syukur 21,SCIFI/FANTASY,1534740.237,5371590.829,0.285714286,0.714285714,Male
3,2000,8,31,4,Leftenan Adnan,ACTION,1650915.469,3836850.593,0.142857143,0.857142857,Male
4,2000,9,28,5,Soal Hati,ROMANTIC_COMEDY,2122751.587,1841688.284,0.285714286,0.714285714,Male
5,2000,1,8,6,Pasrah,ROMANCE,4207444.977,2302110.355,0.285714286,0.714285714,Male
6,2000,5,25,7,Senario Lagi,ADVENTURE,6711116.298,2302110.355,0.285714286,0.714285714,Male
7,2001,9,13,1,Cheritera,ANIMATION,3621.301775,1416784.732,0.285714286,0.714285714,Male
8,2001,10,25,2,Kaki Bakar,DRAMA,4373.614468,0,0.285714286,0.714285714,Male
9,2001,11,1,3,The Deadly Disciple,ACTION_COMEDY,49323.74531,1700141.678,0.428571429,0.571428571,Male
10,2001,8,2,4,Dari Jemapoh ke Manchestee,COMEDY,51261.53846,708392.366,0.285714286,0.714285714,Male
11,2001,9,27,5,Cinta Tiada Restu,MUSICAL,52807.39228,1246770.564,0.571428571,0.428571429,Female
12,2001,7,19,6,No Problem,ROMANTIC_COMEDY,212517.7098,1416784.732,0.285714286,0.714285714,Male
13,2001,6,28,7,Sara,ROMANTIC_COMEDY,249467.4556,1841820.152,0.285714286,0.714285714,Male
14,2001,10,18,8,Spinning Gasing,ROMANCE,686361.4201,3400283.357,0.285714286,0.714285714,Male
15,2001,5,24,9,Seri Dewi Malam,THRILLER,866006.763,1770980.915,0.428571429,0.571428571,Male
16,2001,8,30,10,Getaran,ROMANCE,1191005.917,1204267.022,0.428571429,0.571428571,Male
17,2001,3,1,11,Gerak Khas The Movie,THRILLER,6233852.821,1912659.388,0.571428571,0.428571429,Female
18,2001,12,14,12,Lagi Lagi Senario,COMEDY,8970245.856,2266855.571,0.285714286,0.714285714,Male
19,2002,12,6,1,Cinta 200 Ela,ROMANCE,271180.8695,198865.9709,0.428571429,0.571428571,Male
20,2002,3,28,2,Mendam Berahi,ACTION,397731.9419,3308406.607,0.571428571,0.428571429,Female
21,2002,8,1,3,Embun,ROMANCE,1717478.84,5423617.389,0.428571429,0.571428571,Male
22,2002,3,7,4,Idola,ROMANTIC_COMEDY,1735557.564,1753636.289,0.571428571,0.428571429,Female
23,2002,12,20,5,Soalnya Siapa?,ROMANTIC_COMEDY,3977319.419,1988659.709,0.428571429,0.571428571,Male
24,2002,8,29,6,Mr. Cinderella,ROMANTIC_COMEDY,4573917.331,2277919.303,0.571428571,0.428571429,Female
25,2002,12,6,7,Mami Jarum,COMEDY,4845098.201,2458706.55,0.714285714,0.285714286,Female
26,2002,1,24,8,KL Menjerit,ACTION,5188593.969,1753636.289,0.285714286,0.714285714,Male
27,2002,2,21,9,Anak Mami The Movie,COMEDY,5315145.041,2531021.448,0.714285714,0.285714286,Female
28,2002,5,23,10,Gerak Khas The Movie II,THRILLER,5550168.461,2711808.695,0.571428571,0.428571429,Female
29,2003,7,10,1,Paloh,DRAMA,152554.6856,4369602.067,0.428571429,0.571428571,Male
30,2003,6,26,2,Black Maria,DRAMA,163451.4489,1111469.853,0.571428571,0.428571429,Female
31,2003,8,28,3,Diari Romeo,COMEDY,348696.4243,1209540.722,0.428571429,0.571428571,Male
32,2003,2,27,4,Iskandar,ACTION_COMEDY,479457.5834,1133263.379,0.285714286,0.714285714,Male
33,2003,9,4,5,Aku Kaya The Movie,COMEDY,664702.5589,784566.9547,0.285714286,0.714285714,Male
34,2003,12,25,6,Gila Bola,COMEDY,686496.0854,1416579.224,0.428571429,0.571428571,Male
35,2003,3,29,7,Laila Isabella,ROMANTIC_COMEDY,1209540.722,1198643.959,0.571428571,0.428571429,Female
36,2003,11,25,8,MX3,ACTION_COMEDY,1231334.248,1198643.959,0.571428571,0.428571429,Female
37,2003,11,25,9,Mr. Cinderella 2,ROMANCE,1362095.408,1863346.517,0.428571429,0.571428571,Male
38,2003,5,29,10,Mami Jarum Junior,COMEDY,1525546.856,1492856.567,0.428571429,0.571428571,Male
39,2003,12,4,11,Lang Buana,ACTION_COMEDY,1950520.624,1917830.334,0.285714286,0.714285714,Male
40,2003,4,24,12,Mistik,HORROR,2179352.652,1983210.913,0.571428571,0.428571429,Female
41,2003,7,24,13,Janji Diana,ROMANCE,2386391.154,1416579.224,0.571428571,0.428571429,Female
42,2003,1,30,14,Gila-Gila Pengantin,ROMANTIC_COMEDY,2800468.158,1198643.959,0.428571429,0.571428571,Male
43,2003,12,18,15,Jutawan Fakir,COMEDY,2909435.79,1645411.252,0.285714286,0.714285714,Male
44,2003,9,25,16,Cinta Kolestrol,ROMANTIC_COMEDY,3595931.876,1961417.387,0.285714286,0.714285714,Male
45,2004,12,23,1,Ah Lok Kafe,COMEDY,28425.42318,639572.0216,0.571428571,0.428571429,Female
46,2004,9,9,2,Buai Laju-Laju,DRAMA,56850.84636,1563398.275,0.285714286,0.714285714,Male
47,2004,6,3,3,Bicara Hati,ROMANCE,170552.5391,1705525.391,0.428571429,0.571428571,Male
48,2004,2,26,4,Bisikan Remaja,ROMANTIC_COMEDY,355317.7898,1733950.814,0.142857143,0.857142857,Male
49,2004,4,8,5,Di Ambang Misteri,THRILLER,540083.0404,582721.1752,0.428571429,0.571428571,Male
50,2004,8,5,6,Makar,DRAMA,710635.5795,881188.1186,0.571428571,0.428571429,Female
51,2004,12,2,7,SH3,COMEDY,909613.5418,2245608.431,0.428571429,0.571428571,Male
52,2004,6,24,8,Berlari Ke Langit,ROMANCE,938038.9649,1876077.93,0.285714286,0.714285714,Male
53,2004,3,25,9,Bintang Hati,ROMANTIC_COMEDY,966464.3881,1435483.871,0.571428571,0.428571429,Female
54,2004,12,23,10,Tangkai Jering,COMEDY,1137016.927,2714627.914,0.428571429,0.571428571,Male
55,2004,8,19,11,Aku No. 1,COMEDY,1293356.755,1591823.698,0.333333333,0.666666667,Male
56,2004,1,2,12,Trauma,THRILLER,1321782.178,1662887.256,0.6,0.4,Female
57,2004,4,29,13,Gila-Gila Pengantin Remaja,COMEDY,1989779.623,1705525.391,0.285714286,0.714285714,Male
58,2004,12,16,14,Biar Betul,THRILLER,2046630.469,1606036.41,0.285714286,0.714285714,Male
59,2004,11,14,15,Tujuh Perhentian,HORROR,2131906.739,2714627.914,0.714285714,0.285714286,Female
60,2004,3,11,16,Buli,ROMANTIC_COMEDY,2274033.854,2131906.739,0.285714286,0.714285714,Male
61,2004,11,14,17,I Know What You Did Last Raya,COMEDY,3226285.531,2401948.259,0.285714286,0.714285714,Male
62,2004,9,23,18,Cinta Luar Biasa,ROMANTIC_COMEDY,3411050.782,1705525.391,0.571428571,0.428571429,Female
63,2004,1,29,19,Kuliah Cinta,ROMANTIC_COMEDY,3979559.245,2131906.739,0.428571429,0.571428571,Male
64,2004,8,31,20,Puteri Gunung Ledang,ROMANCE,4121686.361,23593101.24,0.285714286,0.714285714,Male
65,2004,5,20,21,Pontianak Harum Sundal Malam,DRAMA,4548067.709,3553177.898,0.428571429,0.571428571,Male
66,2004,7,22,22,Hingga Hujung Nyawa,ROMANCE,5685084.636,2558288.086,0.428571429,0.571428571,Male
67,2005,12,31,1,Uyir (The Soul),HORROR,8925.212781,267756.3834,0.285714286,0.714285714,Male
68,2005,1,13,2,Chemman Chaalai,DRAMA,89252.12781,452210.7809,0.142857143,0.857142857,Male
69,2005,5,12,3,Aandal,DRAMA,89252.12781,238005.6742,0.2,0.8,Male
70,2005,6,30,4,Qaisy & Laila,ROMANCE,297507.0927,6842663.132,0.428571429,0.571428571,Male
71,2005,5,5,5,Kemarau Cinta,ROMANCE,357008.5112,2915569.508,0.428571429,0.571428571,Male
72,2005,1,27,6,Tak Ori Tapi OK,COMEDY,773518.441,2826317.381,0.142857143,0.857142857,Male
73,2005,11,3,7,Salon,ROMANTIC_COMEDY,1338781.917,2975070.927,0.285714286,0.714285714,Male
74,2005,2,24,8,Sepet,ROMANCE,1547036.882,1636289.01,0.571428571,0.428571429,Female
75,2005,8,11,9,Gol & Gincu,ROMANTIC_COMEDY,1725541.138,3927093.624,0.714285714,0.285714286,Female
76,2005,6,16,10,Pontianak Menjerit,HORROR_COMEDY,2677563.834,3123824.473,0.428571429,0.571428571,Male
77,2005,3,10,11,Potret Mistik,THRILLER,2826317.381,4462606.391,0.285714286,0.714285714,Male
78,2005,12,8,12,Rock,COMEDY,3242827.31,4462606.391,0.142857143,0.857142857,Male
79,2005,8,25,13,Gila-Gila Pengantin Popular,COMEDY,3748589.368,3123824.473,0.571428571,0.428571429,Female
80,2005,2,9,14,GK3 The Movie,THRILLER,4016345.751,4165099.298,0.571428571,0.428571429,Female
81,2005,3,24,15,Sembilu 2005,ROMANCE,4135348.589,4462606.391,0.571428571,0.428571429,Female
82,2005,6,2,16,Lady Boss,ROMANTIC_COMEDY,5295626.25,5117121.994,0.428571429,0.571428571,Male
83,2005,11,3,17,Anak Mami Kembali,COMEDY,5979892.563,5979892.563,0.428571429,0.571428571,Male
84,2005,5,19,18,Senario XX,SCIFI/FANTASY,6902164.551,5414629.087,0.285714286,0.714285714,Male
85,2005,9,8,19,KL Menjerit 1,ACTION,7497178.736,4908867.03,0.285714286,0.714285714,Male
86,2005,12,22,20,Baik Punya Cilok,ACTION_COMEDY,7645932.282,3837841.496,0,1,Male
87,2005,11,24,21,Pontianak Harum Sundal Malam II,DRAMA,8181445.049,8211195.759,0.571428571,0.428571429,Female
88,2005,1,13,22,Gangster,THRILLER,8568204.27,5682385.471,0.571428571,0.428571429,Female
89,2006,9,14,1,S'kali,DRAMA,10827.70693,397015.9206,0.428571429,0.571428571,Male
90,2006,12,21,2,Love Conquers All,ROMANCE,36092.35642,108277.0693,0,1,Male
91,2006,10,26,3,Rain Dogs,DRAMA,72184.71284,649662.4156,0.333333333,0.666666667,Male
92,2006,11,16,4,Salah Bapak,COMEDY,144369.4257,2706926.731,0.333333333,0.666666667,Male
93,2006,12,14,5,Misi 1511,ACTION_COMEDY,144369.4257,12740601.82,0.25,0.75,Male
94,2006,3,3,6,Ethirkaalam,DRAMA,180461.7821,1768525.465,,,Male
95,2006,11,23,7,The Red Kebaya,DRAMA,397015.9206,5413853.463,0.4,0.6,Male
96,2006,10,24,8,Bilut,DRAMA,1227140.118,9781028.59,0.285714286,0.714285714,Male
97,2006,11,30,9,Possessed,HORROR,1443694.257,5846961.74,0.4,0.6,Male
98,2006,3,9,10,Persona Non Grata,ROMANCE,1515878.97,6099608.235,0.428571429,0.571428571,Male
99,2006,4,6,11,Gubra (Anxiety),DRAMA,1876802.534,3897974.493,0.571428571,0.428571429,Female
100,2006,12,21,12,Tentang Bulan,DRAMA,2165541.385,5016837.542,0.666666667,0.333333333,Female
101,2006,8,24,13,Gong,THRILLER,2346003.167,5666499.958,0.6,0.4,Female
102,2006,6,1,14,Tipah Tertipu The Movie,COMEDY,2454280.237,4331082.77,0.142857143,0.857142857,Male
103,2006,2,23,15,Main-Main Cinta,ROMANTIC_COMEDY,2490372.593,5413853.463,0.428571429,0.571428571,Male
104,2006,5,4,16,Man Laksa,COMEDY,2851296.157,4583729.265,0.285714286,0.714285714,Male
105,2006,10,24,17,Diva Popular,COMEDY,3970159.206,4583729.265,0.714285714,0.285714286,Female
106,2006,5,18,18,Senario Pemburu Emas Yamashita,ACTION_COMEDY,5377761.107,3609235.642,0.285714286,0.714285714,Male
107,2006,11,30,19,Cinta,ROMANCE,7940318.412,3609235.642,0.428571429,0.571428571,Male
108,2006,1,26,20,Buli Balik,COMEDY,8337334.333,5413853.463,0.285714286,0.714285714,Male
109,2006,1,5,21,Castello,THRILLER,10105859.8,5630407.602,0.428571429,0.571428571,Male
110,2006,11,9,22,Nana Tanjung,ROMANTIC_COMEDY,10899891.64,8301241.977,0.428571429,0.571428571,Male
111,2006,3,23,23,Bujang Senang,ROMANTIC_COMEDY,11224722.85,6496624.156,0.714285714,0.285714286,Female
112,2006,8,10,24,Remp-It,DRAMA,14436942.57,7218471.284,0.285714286,0.714285714,Male
113,2006,12,7,25,Cicak Man,ACTION_COMEDY,24181878.8,6135700.591,0.166666667,0.833333333,Male
114,2006,1,12,26,The 3rd Generation,DRAMA,0,0,0.142857143,0.857142857,Male
115,2007,5,10,1,Before We Fall in Love Again,ROMANCE,7892.485922,391279.1634,0.5,0.5,Male
116,2007,5,10,2,Things We Do When We Fall In Love,ROMANCE,8076.975061,60820.59534,,,Male
117,2007,7,5,3,Chalanggai,DRAMA,14842.25262,506838.2945,0,1,Male
118,2007,4,5,4,The Bird House,DRAMA,16322.22044,101367.6589,,,Male
119,2007,8,9,5,Hidden Summer in My Heart,ROMANCE,19184.84312,223008.8496,,,Male
120,2007,12,20,6,Flower in the Pocket,ROMANCE,22300.88496,129750.6034,0.4,0.6,Male
121,2007,7,12,7,Cinta Yang Satu,ROMANTIC_COMEDY,241255.0282,3527594.53,0.6,0.4,Female
122,2007,10,13,8,Budak Lapok,ANIMATION,326403.8617,5250844.731,,,Male
123,2007,8,9,9,Kayangan,ROMANTIC_COMEDY,521029.7667,2351729.686,0.666666667,0.333333333,Female
124,2007,6,28,10,Diva,MUSICAL,612260.6598,6000965.407,0.285714286,0.714285714,Male
125,2007,10,25,11,1957: Hati Malaya,HISTORICAL,640643.6042,6082059.534,0.666666667,0.333333333,Female
126,2007,7,26,12,Haru Biru,DRAMA,835269.5093,1013676.589,,,Male
127,2007,1,25,13,Syaitan,HORROR,1001512.47,2554465.004,0.5,0.5,Male
128,2007,11,15,14,Misteri Orang Minyak,HORROR,1293451.328,3304585.68,0.25,0.75,Male
129,2007,3,22,15,Chermin,HORROR,1540788.415,3791150.443,0.6,0.4,Female
130,2007,2,18,16,Puaka Tebing Biru,HORROR,2088173.773,2595012.068,0.833333333,0.166666667,Female
131,2007,5,10,17,Sumolah,DRAMA,2420659.695,5980691.875,0.142857143,0.857142857,Male
132,2007,11,1,18,09-Sep,ROMANTIC_COMEDY,2432823.814,3041029.767,,,Male
133,2007,2,8,19,Qabil Khushry Qabil Igam,DRAMA,3189026.549,4460176.992,0.571428571,0.428571429,Female
134,2007,5,31,20,Waris Jari Hantu,HORROR,3533676.589,3041029.767,0.8,0.2,Female
135,2007,12,13,21,Anak Halal,THRILLER,3537731.296,3649235.72,0.428571429,0.571428571,Male
136,2007,3,8,22,Mukhsin,COMEDY,3979694.288,2027353.178,0.666666667,0.333333333,Female
137,2007,8,23,23,Impak Maksima,ACTION,4178374.9,3101850.362,,,Male
138,2007,11,29,24,Nana Tanjung 2,ROMANCE,4476395.817,3041029.767,0.571428571,0.428571429,Female
139,2007,4,19,25,Zombi Kampung Pisang,HORROR_COMEDY,4804827.032,2493644.409,0,1,Male
140,2007,4,5,26,Jangan Pandang Belakang,HORROR,11714046.66,3487047.466,,,Male
141,2007,9,7,27,Pool,DRAMA,0,0,,,Male
142,2008,1,10,1,Jarum Halus,DRAMA,44598.09178,0,0.285714286,0.714285714,Male
143,2008,6,12,2,Pensil,DRAMA,195868.1596,2448351.995,0.333333333,0.666666667,Male
144,2008,11,13,3,Wayang,DRAMA,560400.5677,0,0.333333333,0.666666667,Male
145,2008,12,4,4,Kinta 1881,ACTION,1409162.593,10119854.91,0,1,Male
146,2008,3,20,5,Akhirat,ROMANCE,1790017.347,6610550.386,0.666666667,0.333333333,Female
147,2008,9,25,6,Punggok Rindukan Bulan,DRAMA,2268806.182,544078.2211,0.4,0.6,Male
148,2008,10,16,7,Tipu Kanan Tipu Kiri,COMEDY,2938022.394,10174262.73,0.4,0.6,Male
149,2008,1,10,8,Kala Malam Bulan Mengambang,HORROR_COMEDY,3014193.345,7617095.095,0.571428571,0.428571429,Female
150,2008,11,20,9,Selamat Pagi Cinta,ROMANCE,4548493.928,0,0.5,0.5,Male
151,2008,6,26,10,Sepi,ROMANCE,4592020.186,8161173.317,0.571428571,0.428571429,Female
152,2008,10,30,11,Budak Kelantan,DRAMA,4635546.444,3264469.327,0.25,0.75,Male
153,2008,5,29,12,Apa Kata Hati?,ROMANTIC_COMEDY,5397255.953,7617095.095,0.571428571,0.428571429,Female
154,2008,5,1,13,Cinta U-Turn,ROMANTIC_COMEDY,6115439.205,8161173.317,0.285714286,0.714285714,Male
155,2008,2,21,14,Anak,DRAMA,6773773.853,5440782.211,,,Male
156,2008,10,1,15,Kami The Movie,DRAMA,6773773.853,7617095.095,0.5,0.5,Male
157,2008,12,4,16,Los dan Faun,ACTION_COMEDY,7067576.092,10119854.91,0.285714286,0.714285714,Male
158,2008,12,25,17,Brainscan: Aku dan Topi Ajaib,ADVENTURE,7170950.954,0,,,Male
159,2008,7,24,18,I'm Not Single,ROMANTIC_COMEDY,7568128.056,8161173.317,0.4,0.6,Male
160,2008,11,27,19,Antoo Fighter,HORROR_COMEDY,10925090.68,10778189.56,0,1,Male
161,2008,1,24,20,Cuci,COMEDY,11115518.06,8161173.317,0.142857143,0.857142857,Male
162,2008,8,7,21,Susuk,THRILLER,11240656.05,9793407.98,0.714285714,0.285714286,Female
163,2008,2,7,22,Dunia Baru The Movie,DRAMA,12492035.96,4352625.769,0.571428571,0.428571429,Female
164,2008,12,18,23,Histeria,HORROR,15005677.34,7617095.095,0.714285714,0.285714286,Female
165,2008,12,11,24,Cicakman 2: Planet Hitam,ACTION_COMEDY,15506229.3,13601955.53,0.166666667,0.833333333,Male
166,2008,4,17,25,Congkak,HORROR,20685853.97,9358145.403,0.666666667,0.333333333,Female
167,2008,4,3,26,Evolusi KL Drift,ACTION,21224491.41,8868475.004,0.428571429,0.571428571,Male
168,2008,10,1,27,Senario The Movie: Episode 1,ACTION_COMEDY,23172291.44,0,0,1,Male
169,2008,3,6,28,Duyung,ROMANTIC_COMEDY,25457419.97,9793407.98,0.428571429,0.571428571,Male
170,2008,9,9,29,Block B,DRAMA,0,0,,,Male
171,2009,5,23,1,JOMLAH C.I.U.M,DRAMA,17499.25218,116661.6812,0.25,0.75,Male
172,2009,12,17,2,Pulau Asmara,ROMANCE,23332.33624,87496.2609,0.333333333,0.666666667,Male
173,2009,10,22,3,Lembing Awang Pulang Ke Dayang,ROMANCE,58330.8406,1096619.803,0.5,0.5,Male
174,2009,5,7,4,Sell Out!,COMEDY,93329.34496,1703260.546,0.5,0.5,Male
175,2009,12,24,5,Muallaf,DRAMA,110828.5971,758300.9278,0.5,0.5,Male
176,2009,3,12,6,Jin Hutan,HORROR,134160.9334,367484.2958,0.4,0.6,Male
177,2009,3,12,7,Sayang You Can Dance,ROMANCE,215824.1102,1084953.635,0.2,0.8,Male
178,2009,3,26,8,Talentime,COMEDY,244989.5305,758300.9278,0.714285714,0.285714286,Female
179,2009,12,31,9,Duhai Si Pari-Pari,COMEDY,338318.8755,758300.9278,0.285714286,0.714285714,Male
180,2009,11,26,10,Jalang,DRAMA,390816.632,396649.7161,0.428571429,0.571428571,Male
181,2009,2,26,11,Rasukan Ablasa,THRILLER,478312.8929,874962.609,0.5,0.5,Male
182,2009,7,30,12,Setem,ACTION_COMEDY,740801.6756,1108285.971,0.285714286,0.714285714,Male
183,2009,1,15,13,Maut,THRILLER,933293.4496,874962.609,0.714285714,0.285714286,Female
184,2009,7,16,14,Skrip 7707,THRILLER,1114119.055,740801.6756,0.6,0.4,Female
185,2009,9,20,15,Jin Notti,COMEDY,1189949.148,279988.0349,0.2,0.8,Male
186,2009,9,20,16,Momok The Movie,HORROR_COMEDY,1224947.653,349985.0436,0,1,Male
187,2009,11,5,17,Pisau Cukur,ROMANTIC_COMEDY,1353275.502,816631.7684,0.571428571,0.428571429,Female
188,2009,5,21,18,Syurga Cinta,ROMANCE,1388274.006,874962.609,0.333333333,0.666666667,Male
189,2009,1,29,19,Sifu & Tongga,ADVENTURE,1499102.603,933293.4496,0.5,0.5,Male
190,2009,11,19,20,Senario The Movie Episode 2: Beach Boys,ADVENTURE,1802422.975,99162.42902,0.428571429,0.571428571,Male
191,2009,10,8,21,Papadom,COMEDY,1866586.899,839964.1046,0.571428571,0.428571429,Female
192,2009,4,9,22,Jangan Tegur,HORROR,1994914.749,1003290.458,0.833333333,0.166666667,Female
193,2009,12,10,23,Santau,THRILLER,2029913.253,1003290.458,0.2,0.8,Male
194,2009,4,23,24,Bohsia: Jangan Pilih Jalan Hitam,ACTION,2904875.862,874962.609,0.5,0.5,Male
195,2009,6,4,25,Jangan Pandang Belakang Congkak,HORROR_COMEDY,3674842.958,1003290.458,0.2,0.8,Male
196,2009,2,12,26,Geng: The Adventure Begins,ANIMATION,3683316.096,2333233.624,0.333333333,0.666666667,Male
197,2009,12,3,27,My Spy,COMEDY,6941370.031,1166616.812,0.142857143,0.857142857,Male
198,2009,5,21,28,Karaoke,DRAMA,0,0,,,Male
199,2010,11,11,29,Crayon,FAMILY,86011.17487,2125936.586,0.25,0.75,Male
200,2010,11,18,1,2 Alam,DRAMA,373256.0419,2450507.058,0.6,0.4,Female
201,2010,6,17,2,Kapoww!!,ACTION_COMEDY,438170.1361,3213247.665,0.333333333,0.666666667,Male
202,2010,4,22,3,Hooperz,COMEDY,470627.1832,2061022.492,0.714285714,0.285714286,Female
203,2010,5,6,4,Belukar,ACTION,486855.7068,3407989.948,0.166666667,0.833333333,Male
204,2010,11,4,5,Estet,COMEDY,567998.3246,3083419.476,0.285714286,0.714285714,Male
205,2010,1,28,6,2 Hati 1 Jiwa,COMEDY,649140.9424,1590395.309,0.6,0.4,Female
206,2010,5,20,7,Andartu Terlampau 21 Hari Mencari Suami,ROMANTIC_COMEDY,908797.3194,1590395.309,0.428571429,0.571428571,Male
207,2010,12,2,8,Aku Tak Bodoh,COMEDY,1200910.743,2629020.817,0.285714286,0.714285714,Male
208,2010,12,30,9,Damping Malam,HORROR,1460567.12,2953591.288,0.666666667,0.333333333,Female
209,2010,12,23,10,Janin,HORROR,1947422.827,2499192.628,0.5,0.5,Male
210,2010,9,9,11,4 Madu,ROMANTIC_COMEDY,2953591.288,0,0.714285714,0.285714286,Female
211,2010,12,16,12,Aku Masih Dara,ROMANCE,3261933.236,2434278.534,0.6,0.4,Female
212,2010,6,3,13,Kecoh Betul,ACTION_COMEDY,3294390.283,3002276.859,0.571428571,0.428571429,Female
213,2010,4,8,14,Semerah Cinta Stilleto,ROMANTIC_COMEDY,3456675.518,2434278.534,0.333333333,0.666666667,Male
214,2010,2,11,15,Lu Pikirlah Sendiri De Movie,COMEDY,3489132.565,2807534.576,0.5,0.5,Male
215,2010,7,1,16,Zoo,ACTION_COMEDY,3521589.613,0,0.25,0.75,Male
216,2010,9,9,17,Senario Asam Garam,ROMANTIC_COMEDY,4008445.319,2758849.005,0.428571429,0.571428571,Male
217,2010,7,15,18,Mantra,HORROR,4446615.455,2953591.288,0.4,0.6,Male
218,2010,9,23,19,Magika,ADVENTURE,5095756.398,3894845.654,0.714285714,0.285714286,Female
219,2010,10,21,20,Cuti-Cuti Cinta,ROMANTIC_COMEDY,5144441.969,1947422.827,0.428571429,0.571428571,Male
220,2010,2,25,21,Niyang Rapik,HORROR,5290498.681,2661477.864,0.166666667,0.833333333,Male
221,2010,3,11,22,V3: Samseng Jalanan,ACTION,6199296,2791306.052,0.4,0.6,Male
222,2010,10,7,23,Jangan Pandang Belakang Congkak 2,HORROR_COMEDY,6864665.466,2921134.241,0.333333333,0.666666667,Male
223,2010,6,3,24,Lagenda Budak Setan,ROMANCE,6945808.084,2207079.204,0.6,0.4,Female
224,2010,3,25,25,Evolusi KL Drift 2,ACTION,8925687.958,4089587.937,0.285714286,0.714285714,Male
225,2010,1,14,26,Adnan Sempit,COMEDY,12431049.05,2434278.534,0.5,0.5,Male
226,2010,12,9,27,Hantu Kak Limah Balik Rumah,HORROR_COMEDY,12820533.61,1947422.827,0.571428571,0.428571429,Female
227,2010,11,25,28,Ngangkung,HORROR_COMEDY,13274932.27,2953591.288,0.285714286,0.714285714,Male
228,2011,6,2,1,Toyol Nakal,COMEDY,603149.4752,3841109.816,0.333333333,0.666666667,Male
229,2011,10,27,2,Apa Tengok-Tengok,ACTION_COMEDY,603149.4752,4444259.291,0.428571429,0.571428571,Male
230,2011,3,17,3,Ratu The Movie,ADVENTURE,634894.1844,4253791.035,0.285714286,0.714285714,Male
231,2011,11,10,4,Abuya,ACTION,698383.6028,3809365.106,0.5,0.5,Male
232,2011,8,31,5,Karipap-Karipap Cinta,ROMANTIC_COMEDY,888851.8582,6063239.461,0.333333333,0.666666667,Male
233,2011,10,20,6,Sumpahan Puaka,HORROR,984085.9858,1460256.624,0.333333333,0.666666667,Male
234,2011,12,8,7,Datin Ghairah,ROMANTIC_COMEDY,1111064.823,3809365.106,0.2,0.8,Male
235,2011,5,5,8,Momok Jangan Panggil Aku,HORROR,1745959.007,6348941.844,0.5,0.5,Male
236,2011,3,24,9,...Dalam Botol,DRAMA,1809448.426,2793534.411,0.75,0.25,Female
237,2011,4,7,10,Dilarang Masuk,THRILLER,2380853.191,3491918.014,0.4,0.6,Male
238,2011,7,7,11,Tolong Awek Aku Pontianak,HORROR_COMEDY,2412597.901,3872854.525,0.428571429,0.571428571,Male
239,2011,1,27,12,HAQ,ACTION,2539576.738,7936177.305,0.5,0.5,Male
240,2011,4,28,13,Seru,HORROR,2761789.702,4507748.709,0.428571429,0.571428571,Male
241,2011,4,21,14,Penunggu Istana,HORROR,2825279.121,1904682.553,0.75,0.25,Female
242,2011,12,29,15,Papa I Love You,COMEDY,2825279.121,4761706.383,0.5,0.5,Male
243,2011,9,29,16,Libas,ACTION_COMEDY,2952257.957,5968005.333,0.2,0.8,Male
244,2011,6,16,17,3 2 1 Cinta,ROMANTIC_COMEDY,3110981.504,4761706.383,0.333333333,0.666666667,Male
245,2011,6,23,18,Rasuk,HORROR,3269705.05,4761706.383,0.4,0.6,Male
246,2011,7,21,19,Senario The Movie: Ops Pocot,COMEDY,3364939.177,4761706.383,0.333333333,0.666666667,Male
247,2011,3,31,20,Cun,COMEDY,3491918.014,3174470.922,0.5,0.5,Male
248,2011,4,14,21,Senjakala,HORROR,3491918.014,4793451.092,0.666666667,0.333333333,Female
249,2011,10,13,22,Klip 3GP,THRILLER,3618896.851,3237960.34,0.666666667,0.333333333,Female
250,2011,2,24,23,Kembar Siang,COMEDY,3841109.816,5206132.312,0.285714286,0.714285714,Male
251,2011,2,10,24,Sini Ada Hantu,HORROR,4126812.199,3809365.106,0.428571429,0.571428571,Male
252,2011,11,24,25,Misteri Jalan Lama,ACTION,4222046.326,5428345.277,0.2,0.8,Male
253,2011,7,14,26,Flat 3A,HORROR,4571238.128,5777537.078,1,0,Female
254,2011,6,30,27,Sekali Lagi,ROMANCE,6475920.681,4761706.383,0.5,0.5,Male
255,2011,12,15,28,Songlap,ACTION,6761623.064,3714130.979,0.333333333,0.666666667,Male
256,2011,10,6,29,Al-Hijab,HORROR,7110814.865,5142642.894,0.2,0.8,Male
257,2011,11,17,30,Aku Bukan Tomboy,ROMANTIC_COMEDY,8094900.851,4793451.092,0.4,0.6,Male
258,2011,11,3,31,"Alamak, Toyol!",HORROR_COMEDY,11015414.1,5777537.078,0,1,Male
259,2011,9,15,32,Raya Tak Jadi,COMEDY,11555074.16,3364939.177,0.25,0.75,Male
260,2011,12,22,33,Suatu Malam Kubur Berasap,HORROR_COMEDY,12983586.07,3206215.631,0.333333333,0.666666667,Male
261,2011,5,26,34,Karak,HORROR,13586735.55,3618896.851,0.25,0.75,Male
262,2011,9,22,35,Bini-Biniku Gangster,ACTION_COMEDY,14888268.62,5777537.078,0.5,0.5,Male
263,2011,5,19,36,Nur Kasih The Movie,DRAMA,15650141.65,8983752.709,0.333333333,0.666666667,Male
264,2011,3,10,37,Hikayat Merong Mahawangsa,HISTORICAL,20634060.99,21649891.69,0.571428571,0.428571429,Female
265,2011,9,8,38,Nasi Lemak 2.0,COMEDY,22221296.45,3174470.922,0.428571429,0.571428571,Male
266,2011,1,13,39,Khurafat,HORROR,25649725.05,4761706.383,0.714285714,0.285714286,Female
267,2011,5,12,40,Kongsi,ACTION_COMEDY,25681469.76,5777537.078,0.285714286,0.714285714,Male
268,2011,8,31,41,Hantu Bonceng,HORROR_COMEDY,27078236.96,4793451.092,0.5,0.5,Male
269,2011,12,1,42,Ombak Rindu,ROMANCE,34601733.05,4952174.638,0.5,0.5,Male
270,2011,6,9,43,KL Gangster,ACTION,37268288.62,4793451.092,0,1,Male
271,2011,1,13,44,Great Day,COMEDY,0,0,0.4,0.6,Male
272,2012,10,18,1,Vajram,ROMANCE,16635.71025,0,0.75,0.25,Female
273,2012,8,30,2,Leftwings,MUSICAL,33271.4205,0,0.333333333,0.666666667,Male
274,2012,10,11,3,Cinta Beruang,COMEDY,83178.55125,0,0.4,0.6,Male
275,2012,11,1,4,Zaiton: Ceritaku,DRAMA,98150.69048,0,,,Male
276,2012,12,6,5,Adutha Khattam,THRILLER,99814.2615,0,0,1,Male
277,2012,6,14,6,Tears of the Mom,ROMANCE,116449.9718,0,0.285714286,0.714285714,Male
278,2012,12,27,7,Prince of the City,ACTION,149721.3923,0,0.25,0.75,Male
279,2012,2,16,8,Chantek,ROMANCE,166357.1025,2328999.435,0.2,0.8,Male
280,2012,7,12,9,Momok Jangan Cari Pasal!,COMEDY,216264.2333,0,0.666666667,0.333333333,Female
281,2012,12,20,10,Adik Manja Returns,COMEDY,232899.9435,0,0.8,0.2,Female
282,2012,9,27,11,Sofazr The Movie: Jiwa Kacau,HORROR_COMEDY,249535.6538,0,0,1,Male
283,2012,6,28,12,"Aku, Kau dan Dia",ROMANCE,266171.364,0,0.333333333,0.666666667,Male
284,2012,6,21,13,Hanya Aku Cinta Kau Seorang,ROMANCE,299442.7845,0,0.4,0.6,Male
285,2012,6,7,14,X,ROMANTIC_COMEDY,332714.205,0,0.8,0.2,Female
286,2012,12,20,15,The Collector,ACTION_COMEDY,349349.9153,0,0,1,Male
287,2012,5,31,16,Gerimis Mengundang,ROMANCE,365985.6255,0,,,Male
288,2012,9,20,17,Aji Noh Motor,COMEDY,365985.6255,0,0.25,0.75,Male
289,2012,7,26,18,Karma Reborn,THRILLER,415892.7563,0,0.6,0.4,Female
290,2012,9,6,19,Salam Cinta,ROMANCE,432528.4665,0,0.333333333,0.666666667,Male
291,2012,11,15,20,War of the Worlds: Goliath,SCIFI/FANTASY,465799.887,0,0.142857143,0.857142857,Male
292,2012,5,17,21,Mantera,SCIFI/FANTASY,582249.8588,0,0.428571429,0.571428571,Male
293,2012,5,24,22,Hoore! Hoore!,ROMANCE,582249.8588,0,0.285714286,0.714285714,Male
294,2012,8,30,23,29 Februari,DRAMA,615521.2793,5822498.588,0,1,Male
295,2012,10,4,24,Ngorat,ROMANTIC_COMEDY,615521.2793,0,0.333333333,0.666666667,Male
296,2012,6,28,25,Baik Giler!!,COMEDY,632156.9895,0,0.285714286,0.714285714,Male
297,2012,12,27,26,Kahwin 5,ROMANTIC_COMEDY,648792.6998,2994427.845,0.571428571,0.428571429,Female
298,2012,5,3,27,Chow Kit,THRILLER,748606.9612,0,0.428571429,0.571428571,Male
299,2012,9,13,28,Halim Munan,HORROR_COMEDY,815149.8023,0,0.333333333,0.666666667,Male
300,2012,12,6,29,Strawberi Cinta,ROMANCE,981506.9048,0,0.666666667,0.333333333,Female
301,2012,6,14,30,Jiwa Taiko,ACTION,1031414.036,0,0.5,0.5,Male
302,2012,5,17,31,You Believe In Ghost?,HORROR,1048049.746,0,0,1,Male
303,2012,9,6,32,Hantu Air,HORROR_COMEDY,1131228.297,0,0.333333333,0.666666667,Male
304,2012,1,5,33,Sesuatu Yang Tertinggal,HORROR,1147864.007,1330856.82,0.5,0.5,Male
305,2012,4,5,34,3 Temujanji,ROMANTIC_COMEDY,1164499.718,0,0.5,0.5,Male
306,2012,3,22,35,Jidin Sengal,ROMANTIC_COMEDY,1181135.428,0,0.333333333,0.666666667,Male
307,2012,11,8,36,Aji Boy,COMEDY,1181135.428,0,0.2,0.8,Male
308,2012,3,8,37,Bunohan,ACTION,1297585.4,3011063.555,0,1,Male
309,2012,10,4,38,Taikun,ACTION_COMEDY,1297585.4,0,0,1,Male
310,2012,9,20,39,Untuk Tiga Hari,ROMANCE,1430671.082,0,0.5,0.5,Male
311,2012,8,19,40,Seram Sejuk,HORROR_COMEDY,1530485.343,0,0.4,0.6,Male
312,2012,11,1,41,Budak Pailang,ACTION,1597028.184,0,0.2,0.8,Male
313,2012,2,2,42,Azura,ROMANCE,1646935.315,3027699.265,0.5,0.5,Male
314,2012,4,19,43,Uncle Usin,ACTION_COMEDY,1663571.025,0,0.2,0.8,Male
315,2012,3,15,44,7 Petala Cinta,ROMANCE,1713478.156,0,0.6,0.4,Female
316,2012,10,25,45,Apa Celop Toqq...,ROMANTIC_COMEDY,1780020.997,0,0.4,0.6,Male
317,2012,5,10,46,Ghost Buddies,HORROR_COMEDY,1796656.707,0,0.5,0.5,Male
318,2012,4,26,47,Berani Punya Budak,ACTION_COMEDY,1879835.258,0,0.166666667,0.833333333,Male
319,2012,3,1,48,Cinta Kura-Kura,ROMANTIC_COMEDY,1946378.099,0,0.285714286,0.714285714,Male
320,2012,8,19,49,SAM,THRILLER,1963013.81,3160784.948,0.4,0.6,Male
321,2012,10,18,50,PE3,ACTION_COMEDY,1963013.81,0,0.333333333,0.666666667,Male
322,2012,5,24,51,"Aku Ada, Kau Ada???",ROMANTIC_COMEDY,2012920.94,0,0.333333333,0.666666667,Male
323,2012,5,31,52,Man Sewel Datang KL,COMEDY,2012920.94,0,0.6,0.4,Female
324,2012,12,13,53,The Golden Couple,ROMANTIC_COMEDY,2245820.884,0,0.333333333,0.666666667,Male
325,2012,1,12,54,Keramat,HORROR,2312363.725,3027699.265,0.428571429,0.571428571,Male
326,2012,11,22,55,Pontianak vs Orang Minyak,COMEDY,2844706.453,0,0.333333333,0.666666667,Male
327,2012,11,29,56,Lagenda Budak Setan II: Katerina,ROMANCE,3011063.555,0,0.333333333,0.666666667,Male
328,2012,2,9,57,Hantu Dalam Botol Kicap,HORROR_COMEDY,3094242.106,3027699.265,0.142857143,0.857142857,Male
329,2012,11,29,58,Sepah The Movie,ROMANTIC_COMEDY,3160784.948,0,0.2,0.8,Male
330,2012,9,13,59,Kepong Gangster,THRILLER,3327142.05,0,0,1,Male
331,2012,1,26,60,Sumpahan Kum Kum,HORROR,3426956.312,3027699.265,0.8,0.2,Female
332,2012,5,10,61,Nongkrong,HORROR_COMEDY,3526770.573,0,0,1,Male
333,2012,7,5,62,8 Jam,ACTION,3826213.358,1996285.23,0.428571429,0.571428571,Male
334,2012,3,8,63,SeeFood,ADVENTURE,3926027.619,19962852.3,,,Male
335,2012,3,29,64,Jangan Pandang-Pandang,COMEDY,4175563.273,0,0.5,0.5,Male
336,2012,1,19,65,Bujang Telajak,COMEDY,4325284.665,2312363.725,0.2,0.8,Male
337,2012,10,11,66,Aku Terima Nikahnya,ROMANCE,4574820.319,0,,,Male
338,2012,9,27,67,Hantu Kapcai,HORROR_COMEDY,5306791.57,0,0.166666667,0.833333333,Male
339,2012,8,9,68,Hantu Gangster,HORROR_COMEDY,5739320.036,0,0.333333333,0.666666667,Male
340,2012,11,8,69,"Istanbul, Aku Datang",ROMANTIC_COMEDY,5955584.269,0,0.25,0.75,Male
341,2012,2,23,70,Fist of Dragon,ACTION,7086812.567,0,0.2,0.8,Male
342,2012,6,21,71,Mael Lambong,ACTION,8118226.602,0,0.5,0.5,Male
343,2012,6,7,72,Jalan Kembali: Bohsia 2,THRILLER,8284583.705,0,0.428571429,0.571428571,Male
344,2012,2,23,73,Adnan Sempit 2,COMEDY,11345554.39,0,0.5,0.5,Male
345,2012,1,19,74,Ah Beng The MovieÂ : Three Wishes,COMEDY,0,0,,,Male
346,2013,7,18,1,Olipathivu,ACTION,23155.13543,715704.1861,0,1,Male
347,2013,9,5,2,Dhusrajanam,HISTORICAL,29470.17237,1684009.85,,,Male
348,2013,5,9,3,Kaliyugha,DRAMA,48415.28318,947255.5404,0.666666667,0.333333333,Female
349,2013,10,17,4,Hello,ROMANTIC_COMEDY,63150.36936,1557709.111,0,1,Male
350,2013,5,23,5,Olli,SCIFI/FANTASY,105250.6156,947255.5404,,,Male
351,2013,9,19,6,Maraimugam,COMEDY,126300.7387,652553.8167,,,Male
352,2013,3,14,7,Ops Kossa Dappa 3,SCIFI/FANTASY,147350.8618,3178568.591,0.714285714,0.285714286,Female
353,2013,6,20,8,Tokak,HORROR_COMEDY,231551.3543,4210024.624,0.4,0.6,Male
354,2013,9,5,9,Psiko: Pencuri Hati,ACTION,231551.3543,2252363.174,0.5,0.5,Male
355,2013,7,25,10,Misteri Bisikan Pontianak,THRILLER,336801.9699,1599809.357,0.5,0.5,Male
356,2013,11,14,11,Aku Pilih Kamu,ROMANCE,336801.9699,3157518.468,0.333333333,0.666666667,Male
357,2013,6,13,12,Pecah,ACTION,357852.093,1431408.372,0.25,0.75,Male
358,2013,8,8,13,Lemak Kampung Santan,ROMANCE,357852.093,3578520.93,0.333333333,0.666666667,Male
359,2013,1,17,14,Paper Moon,ROMANCE,362062.1177,4988879.179,0.333333333,0.666666667,Male
360,2013,3,7,15,Cerita Kita,ROMANCE,378902.2162,3157518.468,0.333333333,0.666666667,Male
361,2013,2,21,16,Pada Suatu Cinta Dahulu,ROMANTIC_COMEDY,421002.4624,2820716.498,0.4,0.6,Male
362,2013,3,14,17,Awan Dania The Movie,ROMANTIC_COMEDY,421002.4624,3410119.945,0.5,0.5,Male
363,2013,11,7,18,Malam.... Penuh Bermisteri,THRILLER,463102.7086,3346969.576,0.4,0.6,Male
364,2013,10,24,19,Balada Pencinta,ROMANCE,568353.3242,2062912.066,0.4,0.6,Male
365,2013,12,26,20,Chikaro,COMEDY,568353.3242,0,0.8,0.2,Female
366,2013,5,9,21,99 Kali Rindu,ROMANCE,610453.5705,2652315.513,0.5,0.5,Male
367,2013,4,25,22,Mencari Cinta,ROMANCE,736754.3092,3157518.468,0.25,0.75,Male
368,2013,12,19,23,Laki-Laki,COMEDY,757804.4323,0,0,1,Male
369,2013,12,19,24,Cinderella,ROMANCE,926205.4173,0,0.428571429,0.571428571,Male
370,2013,5,30,25,KIL,ROMANCE,1073556.279,315751.8468,,,Male
371,2013,3,21,26,Gila-Gila Remaja 2,ACTION_COMEDY,1094606.402,2947017.237,0.25,0.75,Male
372,2013,4,18,27,Kecoh! Hantu Raya Tok Chai,HORROR_COMEDY,1094606.402,2589165.144,0.428571429,0.571428571,Male
373,2013,10,3,28,"Ghost Ghost, Ghosts!",HORROR,1136706.648,1873460.958,0.5,0.5,Male
374,2013,12,12,29,Papadom 2,COMEDY,1305107.633,0,0.571428571,0.428571429,Female
375,2013,3,21,30,Bola Kampung The Movie,ANIMATION,1368258.003,12630073.87,0.285714286,0.714285714,Male
376,2013,5,16,31,O.M.K (Oh Mak Kau!),ACTION_COMEDY,1389308.126,3368019.699,0.428571429,0.571428571,Male
377,2013,4,4,32,2 Kalimah,ROMANCE,1410358.249,3620621.177,0.5,0.5,Male
378,2013,9,19,33,Dampak,ACTION,1473508.618,5325681.149,0.5,0.5,Male
379,2013,11,21,34,Kisah Paling Gengster,ACTION,1536658.988,1452458.495,0.285714286,0.714285714,Male
380,2013,12,26,35,Tokan,ACTION_COMEDY,1641909.603,0,0.142857143,0.857142857,Male
381,2013,5,2,36,Bisikan Syaitan,HORROR,1662959.726,2189212.804,0.5,0.5,Male
382,2013,5,30,37,"Bro, Nampak Motor Gua?",ACTION_COMEDY,1662959.726,2652315.513,0,1,Male
383,2013,8,15,38,Ge Mei Lia,COMEDY,1768210.342,6336087.059,0.333333333,0.666666667,Male
384,2013,8,22,39,Paku Pontianak,HORROR,1768210.342,3831122.408,0.571428571,0.428571429,Female
385,2013,3,28,40,Sembunyi: Amukan Azazil,SCIFI/FANTASY,1852410.835,2736516.006,0.6,0.4,Female
386,2013,8,29,41,Tanda Putera,ACTION,1957661.45,9893557.866,0.5,0.5,Male
387,2013,6,6,42,Lari,ACTION,2357613.789,5262530.78,0.5,0.5,Male
388,2013,9,26,43,Bencinta,ROMANCE,2378663.913,3157518.468,0.333333333,0.666666667,Male
389,2013,12,12,44,Paku,HORROR,2378663.913,0,0.333333333,0.666666667,Male
390,2013,10,10,45,Longkai,ACTION,2441814.282,3157518.468,0.428571429,0.571428571,Male
391,2013,2,21,46,Gangster Celop,THRILLER,2799666.375,4125824.132,0.25,0.75,Male
392,2013,9,12,47,Lagenda Budak Hostel,ROMANCE,2947017.237,3157518.468,0.285714286,0.714285714,Male
393,2013,4,11,48,Langgar,ACTION,3368019.699,4420525.855,0.285714286,0.714285714,Male
394,2013,9,12,49,Vikingdom,ADVENTURE,3368019.699,42100246.24,0.2,0.8,Male
395,2013,3,7,50,Lawak Ke Der 2,COMEDY,3494320.438,3999523.393,0,1,Male
396,2013,11,14,51,Firefly,ACTION_COMEDY,3578520.93,2862816.744,0,1,Male
397,2013,1,31,52,Wawa Semput,COMEDY,3620621.177,3115418.222,0.5,0.5,Male
398,2013,6,27,53,1 Lawan Satu,ACTION,3789022.162,3831122.408,0.333333333,0.666666667,Male
399,2013,12,5,54,Ular,HORROR,3789022.162,2315513.543,0.333333333,0.666666667,Male
400,2013,8,1,55,Kara King,COMEDY,4357375.486,7472793.708,0,1,Male
401,2013,1,3,56,Minyak Dagu,HORROR,4988879.179,3620621.177,0.333333333,0.666666667,Male
402,2013,5,23,57,Bikers Kental,COMEDY,5725633.489,3578520.93,0,1,Male
403,2013,11,28,58,Penanggal,HORROR,5788783.858,4420525.855,0.5,0.5,Male
404,2013,1,24,59,Juvana,ACTION,6020335.212,4378425.609,0.285714286,0.714285714,Male
405,2013,11,28,60,"Ustaz, Mu Tunggu Aku Datang",DRAMA,6062435.459,3157518.468,0,1,Male
406,2013,8,29,61,KL Zombi,ACTION_COMEDY,6104535.705,3789022.162,0.428571429,0.571428571,Male
407,2013,12,5,62,Kolumpo,DRAMA,6104535.705,2105012.312,0.428571429,0.571428571,Male
408,2013,10,31,63,Highland Tower,THRILLER,6946540.63,3831122.408,0.5,0.5,Male
409,2013,8,8,64,Adnan Sempit 3,COMEDY,8293748.509,3831122.408,0.4,0.6,Male
410,2013,2,28,65,Rock Oo!: Rimba Bara Kembali,DRAMA,8314798.632,3578520.93,0,1,Male
411,2013,2,7,66,The Wedding Diary 2,ROMANTIC_COMEDY,9704106.758,7578044.323,0.5,0.5,Male
412,2013,2,7,67,Once Upon a Time,COMEDY,9704106.758,9683056.635,0.2,0.8,Male
413,2013,10,3,68,KL Gangster 2,ACTION,10525061.56,8420049.248,0,1,Male
414,2013,2,7,69,"Hantu Kak Limah 2: Husin, Mon & Jin Pakai Toncit",HORROR_COMEDY,12398522.52,3473270.315,0.285714286,0.714285714,Male
415,2013,2,14,70,Kerat 14,ACTION,0,4210024.624,0.666666667,0.333333333,Female
416,2013,11,21,71,Hantu Tok Mudim,HORROR_COMEDY,0,0,0.2,0.8,Male
417,2014,10,9,1,Kaithiyin Agarathi,ACTION,9428.971527,0,,,Male
418,2014,5,1,2,Bahaya Cinta,ROMANCE,40858.87662,0,0.166666667,0.833333333,Male
419,2014,6,19,3,Goal,ROMANTIC_COMEDY,50916.44625,0,0.142857143,0.857142857,Male
420,2014,9,25,4,Three Geniuses,ACTION_COMEDY,68202.89405,0,0.285714286,0.714285714,Male
421,2014,3,27,5,"Lu, Gua Bro!",COMEDY,78574.76273,0,0.2,0.8,Male
422,2014,3,6,6,Hantu Bukit Cina,HORROR_COMEDY,91146.72476,0,0.5,0.5,Male
423,2014,6,5,7,Supersquad The Movie,ANIMATION,97432.70578,18857943.05,0.4,0.6,Male
424,2014,11,13,8,Victory,ACTION,128862.6109,0,0.285714286,0.714285714,Male
425,2014,9,11,9,Fantasia,COMEDY,140177.3767,0,0.285714286,0.714285714,Male
426,2014,11,13,10,MTB: Misi Tawan Baby,ROMANTIC_COMEDY,160292.516,0,0.333333333,0.666666667,Male
427,2014,10,2,11,Glorifying Love,ROMANCE,172864.478,0,0.2,0.8,Male
428,2014,6,26,12,Vivaagarathu,DRAMA,235378.5592,0,0,1,Male
429,2014,1,16,13,Muka Surat Cinta,ROMANCE,251439.2407,0,0.4,0.6,Male
430,2014,10,23,14,Phuyal 18,HORROR_COMEDY,333156.994,0,0,1,Male
431,2014,10,16,15,Mistik Syirik Tahyul,HORROR_COMEDY,352014.937,0,0.5,0.5,Male
432,2014,12,4,16,Rentap,ACTION_COMEDY,396016.8041,0,0.333333333,0.666666667,Male
433,2014,4,24,17,Sniper,ACTION,408588.7662,0,0.25,0.75,Male
434,2014,3,13,18,Fobia Malam Pertama,ROMANTIC_COMEDY,440018.6713,0,0.666666667,0.333333333,Female
435,2014,4,17,19,Pintu Neraka,HORROR,440018.6713,0,0.166666667,0.833333333,Male
436,2014,5,22,20,Super Stone,THRILLER,465162.5953,0,0.2,0.8,Male
437,2014,11,27,21,Lelaki Harapan Dunia,COMEDY,468305.5858,7857476.272,0,1,Male
438,2014,1,23,22,Laga,THRILLER,502878.4814,0,0.333333333,0.666666667,Male
439,2014,5,22,23,Awak Nak Kahwin Dengan Saya?,ROMANTIC_COMEDY,694286.6034,0,0.6,0.4,Female
440,2014,8,21,24,Jin,HORROR,700886.8835,0,0,1,Male
441,2014,5,8,25,Cara Mengundang Hantu,HORROR,770032.6747,0,0.75,0.25,Female
442,2014,4,3,26,Apokalips X,SCIFI/FANTASY,785747.6272,3771588.611,0,1,Male
443,2014,7,3,27,Curse of Spirits,HORROR_COMEDY,785747.6272,0,,,Male
444,2014,3,6,28,Vennira Iravuggal,ROMANTIC_COMEDY,818287.008,0,0.166666667,0.833333333,Male
445,2014,12,25,29,Cerita Hantu Malaysia,HORROR,836035.4754,0,0.2,0.8,Male
446,2014,12,18,30,Kasut Ku Kusut,COMEDY,873751.3615,0,0.25,0.75,Male
447,2014,6,12,31,CEO,COMEDY,910169.1925,5028784.814,0.4,0.6,Male
448,2014,1,2,32,Rumah Sewa RM50,THRILLER,911467.2476,0,0.333333333,0.666666667,Male
449,2014,9,25,33,Amir & Loqman Pergi ke Laut,ACTION_COMEDY,942897.1527,0,0.285714286,0.714285714,Male
450,2014,1,2,34,Vetti Pasanga,COMEDY,1005756.963,0,0.166666667,0.833333333,Male
451,2014,2,27,35,Aku Akan Muncul,DRAMA,1037186.868,0,0.333333333,0.666666667,Male
452,2014,7,28,36,Tembus,THRILLER,1059187.802,0,0.5,0.5,Male
453,2014,1,16,37,Siddhartha,DRAMA,1068616.773,0,0.333333333,0.666666667,Male
454,2014,10,2,38,Dollah Super Star,ACTION_COMEDY,1122295.908,4714485.763,0.333333333,0.666666667,Male
455,2014,11,20,39,Behind the Scene,HORROR,1140905.555,0,0,1,Male
456,2014,11,27,40,Mana Mau Lari,ADVENTURE,1140905.555,0,0.166666667,0.833333333,Male
457,2014,9,4,41,Ribbit,ANIMATION,1257196.204,0,0.166666667,0.833333333,Male
458,2014,9,4,42,The Gathering,DRAMA,1285483.118,0,0,1,Male
459,2014,12,25,43,Terbaik dari Langit,ADVENTURE,1320056.014,3142990.509,0.428571429,0.571428571,Male
460,2014,12,18,44,Ophilia,ACTION,1404916.758,0,0,1,Male
461,2014,12,4,45,Gila Baby,ACTION_COMEDY,1439489.653,0,0.285714286,0.714285714,Male
462,2014,11,20,46,Kaki Kitai,ACTION_COMEDY,1728644.78,0,0.166666667,0.833333333,Male
463,2014,5,29,47,The Great Lion: Kun Seng Keng,ACTION,1738073.751,0,0.166666667,0.833333333,Male
464,2014,10,30,48,Anak Jantan,ACTION,1964196.204,0,0.25,0.75,Male
465,2014,6,5,49,Hantu Nan Sempit,ACTION_COMEDY,2079716.82,0,0.333333333,0.666666667,Male
466,2014,5,15,50,Ia Wujud,HORROR,2143519.527,0,0,1,Male
467,2014,8,14,51,Kawan Aku Mati Dalam Rumah Sewa,HORROR_COMEDY,2206379.337,0,0,1,Male
468,2014,11,6,52,Kelibat,HORROR,2259810.176,0,0.4,0.6,Male
469,2014,10,23,53,Dendam Orang Mati,THRILLER,2357242.882,0,0.666666667,0.333333333,Female
470,2014,8,28,54,Mamak Cupcake,COMEDY,2552108.293,0,0.5,0.5,Male
471,2014,1,9,55,The Transcend,HORROR,2577252.217,0,,,Male
472,2014,2,6,56,Kami Histeria,HORROR_COMEDY,2746973.705,6285981.018,0.714285714,0.285714286,Female
473,2014,8,7,57,Maindhan,ACTION,2839849.074,0,0.25,0.75,Male
474,2014,6,12,58,Suatu Malam Kubur Berasap 2,HORROR_COMEDY,2878665.007,0,0,1,Male
475,2014,7,28,59,Mat Tudung,ROMANTIC_COMEDY,3142990.509,4714485.763,0.4,0.6,Male
476,2014,3,27,60,In The Dark,THRILLER,3425859.655,0,0.666666667,0.333333333,Female
477,2014,1,30,61,Jangan Pandang Belakang Boleh?,HORROR_COMEDY,3457289.56,0,0.6,0.4,Female
478,2014,10,30,62,The Cage,ACTION,3564151.237,0,0,1,Male
479,2014,3,20,63,Mokissu,COMEDY,3834448.421,0,0.25,0.75,Male
480,2014,12,11,64,3 Brothers,COMEDY,3875307.298,0,0,1,Male
481,2014,8,7,65,Adnan Sempit Sawadikap,COMEDY,3991597.946,9428971.527,0.5,0.5,Male
482,2014,9,11,66,Lagenda Budak Setan 3: Kasyah,ROMANCE,4001026.918,0,0.5,0.5,Male
483,2014,9,18,67,Nasi Tangas (Nasi Kangkang),THRILLER,4148747.472,0,0.5,0.5,Male
484,2014,10,16,68,Seventh,THRILLER,4400186.713,0,0.285714286,0.714285714,Male
485,2014,2,20,69,Sejoli: Misi Cantas Cinta,ROMANTIC_COMEDY,4557336.238,0,0.5,0.5,Male
486,2014,2,13,70,Bullets Over Petaling Street,ACTION_COMEDY,4777345.574,0,0.4,0.6,Male
487,2014,3,20,71,Zombi Kilang Biskut,HORROR_COMEDY,4871635.289,5343083.865,0.25,0.75,Male
488,2014,12,11,72,Manisnya Cinta di Cappadocia,ROMANTIC_COMEDY,5028784.814,3142990.509,0.714285714,0.285714286,Female
489,2014,6,19,73,Pengantin Malam,HORROR,5327368.913,0,0.666666667,0.333333333,Female
490,2014,7,10,74,Hungry Ghost Ritual,HORROR,5751672.631,0,0.6,0.4,Female
491,2014,1,9,75,Balistik,ACTION,7228878.171,7857476.272,0.166666667,0.833333333,Male
492,2014,5,29,76,Abang Long Fadil,ACTION_COMEDY,14457756.34,9428971.527,0,1,Male
493,2014,1,30,77,The Journey,DRAMA,53965147.04,9428971.527,0.33,0.6666,Male
494,2015,10,22,1,Muthukumar Wanted,ROMANCE,5000.135389,0,0.5,0.5,Male
495,2015,12,17,2,Nanchathiran,DRAMA,10015.21195,0,,,Male
496,2015,5,7,3,KID,THRILLER,14309.85065,0,0.2,0.8,Male
497,2015,4,23,4,Selfie Suara Kubur,THRILLER,15782.92352,0,0.8,0.2,Female
498,2015,1,1,5,Pinnokam,ACTION,16835.11842,0,0.142857143,0.857142857,Male
499,2015,6,18,6,Papa's Shoe,DRAMA,18939.50822,0,,,Male
500,2015,10,29,7,Iravan,ACTION,25095.83745,0,0,1,Male
501,2015,5,21,8,Jendela,FAMILY,25189.54593,0,,,Male
502,2015,5,21,9,Dia,HORROR,26662.61879,0,0.2,0.8,Male
503,2015,8,20,10,Misi Rayyan dan Danish: Jangan Ambil Rumah Kami,COMEDY,26936.18947,0,0.75,0.25,Female
504,2015,9,10,11,Tortured Souls,FAMILY,29461.45723,9469754.109,0.333333333,0.666666667,Male
505,2015,11,12,12,Biasan,ROMANCE,42821.95451,0,0.75,0.25,Female
506,2015,11,26,13,Sinaran,MUSICAL,44844.69399,0,0.666666667,0.333333333,Female
507,2015,8,6,14,"Ciliwung, Gudnite",HORROR,53241.06199,0,0.75,0.25,Female
508,2015,4,30,15,Road of Enlightenment,THRILLER,77862.42267,0,0.2,0.8,Male
509,2015,5,28,16,Oh! La La,ANIMATION,77862.42267,8417559.208,0.333333333,0.666666667,Male
510,2015,10,8,17,Maravan,ACTION,88384.37168,0,0.285714286,0.714285714,Male
511,2015,10,15,18,Death Trip,THRILLER,90494.10664,0,0,1,Male
512,2015,11,5,19,Mirip,MUSICAL,91270.41603,0,0.666666667,0.333333333,Female
513,2015,7,2,20,Courage to Dream,FAMILY,101010.7105,0,0,1,Male
514,2015,4,16,21,Agileswari,THRILLER,109428.2697,0,,,Male
515,2015,12,10,22,Who's Your Daddy,COMEDY,130555.6489,0,0.5,0.5,Male
516,2015,8,13,23,Nota,THRILLER,168351.1842,3787901.644,0.5,0.5,Male
517,2015,6,25,24,Hold Me Tight,DRAMA,172559.9638,0,0.25,0.75,Male
518,2015,4,23,25,Avana Nee,COMEDY,189395.0822,0,0.428571429,0.571428571,Male
519,2015,9,17,26,Kapsul,SCIFI/FANTASY,202021.421,4840096.545,0.142857143,0.857142857,Male
520,2015,10,1,27,Pontianak Menangis,HORROR,204125.8108,0,0,1,Male
521,2015,2,26,28,Sunti @ Facebook,HORROR,271466.2845,0,0.428571429,0.571428571,Male
522,2015,2,19,29,Coverina,ACTION,273570.6743,0,0.333333333,0.666666667,Male
523,2015,9,3,30,Usop Wilcha: Menghonjang Makhluk Muzium,HORROR_COMEDY,275675.0641,0,0.166666667,0.833333333,Male
524,2015,11,19,31,Ada Apa Dekat Bus Stop,COMEDY,306542.0853,0,0.428571429,0.571428571,Male
525,2015,11,12,32,Find My Dad,DRAMA,335487.9881,0,0.25,0.75,Male
526,2015,12,3,33,Paint My Love,DRAMA,344572.1338,0,0.25,0.75,Male
527,2015,2,5,34,My Mr. Right,ROMANTIC_COMEDY,347224.3173,0,0.6,0.4,Female
528,2015,12,3,35,Chowrasta,ROMANCE,366692.1326,0,0.25,0.75,Male
529,2015,8,27,36,Jejak Warriors,FAMILY,382998.944,4208779.604,0.428571429,0.571428571,Male
530,2015,4,16,37,Abang Lejen,ACTION,397729.6726,0,0.333333333,0.666666667,Male
531,2015,7,2,38,Vere Vazhi Ille,HORROR_COMEDY,463403.4695,0,0.666666667,0.333333333,Female
532,2015,12,17,39,Jagat,THRILLER,472162.8448,631316.9406,0.25,0.75,Male
533,2015,7,17,40,Suamiku Jatuh dari Langit,COMEDY,486114.0443,0,0.5,0.5,Male
534,2015,1,1,41,Rumah Pusaka Di Simpang Jalan,HORROR_COMEDY,528201.8403,0,0.333333333,0.666666667,Male
535,2015,12,31,42,Apartment,HORROR,558838.4309,0,0.333333333,0.666666667,Male
536,2015,7,30,43,CCTV,HORROR,608168.6528,0,0.25,0.75,Male
537,2015,6,11,44,Love Endures,FAMILY,610273.0426,0,0.333333333,0.666666667,Male
538,2015,5,28,45,Gamatisme,HORROR,631316.9406,2735706.743,0.5,0.5,Male
539,2015,2,5,46,Bangunan,HORROR,635525.7202,0,0,1,Male
540,2015,8,20,47,The Noise,THRILLER,639734.4998,0,0.666666667,0.333333333,Female
541,2015,6,4,48,Darah Panas,ACTION,662882.7876,4208779.604,0.4,0.6,Male
542,2015,11,26,49,Banglo Berkunci,HORROR,699738.1657,0,0.6,0.4,Female
543,2015,12,24,50,Isteri untuk Dijual,ROMANCE,703455.7176,0,0.333333333,0.666666667,Male
544,2015,10,22,51,"Love, Supermoon",COMEDY,707837.0782,2104389.802,0.5,0.5,Male
545,2015,7,17,52,Gangsterock: Kasi Sengat,ACTION,709179.3633,0,0.428571429,0.571428571,Male
546,2015,1,8,53,Romeo Kota: Kes Fail Kriptik,ACTION_COMEDY,736536.4307,4208779.604,0.333333333,0.666666667,Male
547,2015,10,15,54,Badi,HORROR,761714.4656,0,0.666666667,0.333333333,Female
548,2015,2,26,55,Kungfu Taboo,COMEDY,784937.3961,0,0.4,0.6,Male
549,2015,9,10,56,Bravo 5,ACTION,787041.7859,9469754.109,0.142857143,0.857142857,Male
550,2015,2,12,57,The Dream Boyz,COMEDY,810190.0738,0,0,1,Male
551,2015,3,5,58,Usop Wilcha dalam Werewolf dari Bangladesh,HORROR,850173.48,3787901.644,0.2,0.8,Male
552,2015,5,7,59,Jalan Puncak Alam,HORROR,978541.2579,0,0,1,Male
553,2015,1,29,60,Puaka Balai Gombak,HORROR,989063.2069,0,,,Male
554,2015,6,4,61,Wira Wah,COMEDY,1117430.985,0,0.5,0.5,Male
555,2015,3,26,62,Jengka,HORROR,1254216.322,2104389.802,0.333333333,0.666666667,Male
556,2015,3,12,63,Zombies vs The Lucky Exorcist,COMEDY,1380479.71,0,0.4,0.6,Male
557,2015,9,24,64,Girlfriend Kontrak,ROMANCE,1460446.523,0,0.4,0.6,Male
558,2015,10,8,65,Rembat,ACTION_COMEDY,1489907.98,0,0.166666667,0.833333333,Male
559,2015,12,24,66,Mat Moto,ACTION_COMEDY,1610398.795,0,0.5,0.5,Male
560,2015,3,19,67,Isyarat Cinta,ROMANCE,1664572.333,0,0.333333333,0.666666667,Male
561,2015,3,5,68,Kepong Gangster 2,THRILLER,1708764.519,0,0.333333333,0.666666667,Male
562,2015,5,14,69,Suami Aku Ustaz,ROMANCE,1759269.874,4208779.604,0.5,0.5,Male
563,2015,2,12,70,Gudang Kubur,HORROR,1813984.009,0,0.4,0.6,Male
564,2015,12,10,71,Keranda Tok Wan Terbang,HORROR_COMEDY,1837084.17,0,0.333333333,0.666666667,Male
565,2015,4,9,72,Hantu Bungkus Ikat Tepi,HORROR_COMEDY,2095972.243,4208779.604,0.142857143,0.857142857,Male
566,2015,10,29,73,Juvana 2: Terperangkap Dalam Kebebasan,ACTION,2640412.586,0,0.2,0.8,Male
567,2015,9,24,74,Jwanita,HORROR,3156584.703,3156584.703,0.8,0.2,Female
568,2015,4,30,75,Pilot Cafe,ROMANCE,3577462.663,6313169.406,0.428571429,0.571428571,Male
569,2015,3,12,76,Cicak Man 3,ACTION_COMEDY,5387237.893,7365364.307,0.333333333,0.666666667,Male
570,2015,1,15,77,Villa Nabila,HORROR,5892291.446,2525267.762,0.333333333,0.666666667,Male
571,2015,1,22,78,"Suamiku, Encik Perfect 10!",COMEDY,6102730.426,0,0.6,0.4,Female
572,2015,2,19,79,My Papa Rich,COMEDY,6376301.1,0,0.25,0.75,Male
573,2015,9,17,80,Polis Evo,ACTION_COMEDY,37458138.48,5050535.525,0.285714286,0.714285714,Male
574,2016,5,19,1,Cendol: Kepada Allah Aku Berserah,DRAMA,3972.07653,0,,,Male
575,2016,5,19,2,My Stupid Boss,COMEDY,4049.427495,0,0.285714286,0.714285714,Male
576,2016,3,10,3,It's The Moment Yang Arif,THRILLER,9783.851665,0,0.25,0.75,Male
577,2016,8,18,4,Mawar Putih,ROMANCE,12432.59954,0,0.4,0.6,Male
578,2016,5,12,5,Judi-Judi King Boss,COMEDY,13170.56955,0,0.285714286,0.714285714,Male
579,2016,3,3,6,Ais Kosong,ADVENTURE,27392.69409,0,0.285714286,0.714285714,Male
580,2016,9,8,7,Radhi Rudy bin Dadu,ACTION_COMEDY,30378.02319,0,0.428571429,0.571428571,Male
581,2016,1,21,8,Kastil Tua,HORROR,74215.11412,0,0.6,0.4,Female
582,2016,3,17,9,Kipidapp! Selamatkan Hari Jadi,COMEDY,105364.5564,0,0.6,0.4,Female
583,2016,2,18,10,Girl's Generation,COMEDY,107099.7267,0,0.166666667,0.833333333,Male
584,2016,4,28,11,Perjanjian Syaitan,HORROR,114144.9361,0,0.333333333,0.666666667,Male
585,2016,7,28,12,Dukun Doktor Dani,COMEDY,121089.7983,0,0.6,0.4,Female
586,2016,10,13,13,Kecoh! Primadona Kena Hantu,HORROR_COMEDY,123720.4628,0,0.2,0.8,Male
587,2016,5,5,14,Harmonika,HORROR,124597.7691,0,0.714285714,0.285714286,Female
588,2016,8,11,15,Temuan Takdir,THRILLER,158995.0529,0,0.666666667,0.333333333,Female
589,2016,2,4,16,Special Forces,ACTION_COMEDY,175398.5373,0,0,1,Male
590,2016,8,4,17,Kampung Drift,ACTION,318794.8694,0,0.285714286,0.714285714,Male
591,2016,3,31,18,Warna Cinta Impian,ROMANCE,342852.9216,0,0.428571429,0.571428571,Male
592,2016,5,26,19,Old Town Story,DRAMA,344943.4882,0,0.285714286,0.714285714,Male
593,2016,4,21,20,Lu Mafia Gua Gangster,ACTION_COMEDY,403479.3528,0,0,1,Male
594,2016,8,18,21,Chinese Ghost Story,HORROR_COMEDY,448474.6386,0,0,1,Male
595,2016,6,9,22,Mayangaathey,HORROR_COMEDY,476649.1837,0,,,Male
596,2016,12,1,23,Interchange,SCIFI/FANTASY,627169.9785,0,0.285714286,0.714285714,Male
597,2016,7,6,24,Anak Mami Nasi Kandaq,COMEDY,737970.008,0,0.571428571,0.428571429,Female
598,2016,9,1,25,Pekak,DRAMA,740807.9313,0,0.333333333,0.666666667,Male
599,2016,4,7,26,Showdown The Movie,MUSICAL,763056.8072,0,0.4,0.6,Male
600,2016,10,6,27,Mat Moto Otai,ACTION_COMEDY,792023.0707,0,0,1,Male
601,2016,2,4,28,Pelepas Saka,HORROR,842498.3378,0,0.4,0.6,Male
602,2016,7,14,29,Zack Kapcai,ACTION_COMEDY,873856.8367,0,0.25,0.75,Male
603,2016,9,22,30,Geethaiyin Raadhi,COMEDY,878769.4173,0,0.333333333,0.666666667,Male
604,2016,4,14,31,Redha,DRAMA,1039011.598,0,0.428571429,0.571428571,Male
605,2016,1,7,32,Langit Cinta,DRAMA,1185351.259,3135849.892,0.5,0.5,Male
606,2016,3,10,33,Usin UFO,COMEDY,1294060.722,3344906.552,0.75,0.25,Female
607,2016,2,11,34,Huat The Fish,COMEDY,1494755.115,0,0.142857143,0.857142857,Male
608,2016,9,22,35,Volkswagen Kuning,HORROR,1728211.112,0,,,Male
609,2016,12,8,36,Desolasi,SCIFI/FANTASY,2090566.595,0,0.25,0.75,Male
610,2016,9,29,37,Juvana 3: Perhitungan Terakhir,ACTION,2592302.578,0,0,1,Male
611,2016,9,8,38,Aliff Dalam 7 Dimensi,ACTION,3406555.208,0,0.25,0.75,Male
612,2016,10,27,39,Rock Bro!,COMEDY,8362266.38,0,0.142857143,0.857142857,Male
613,2016,1,14,40,Mat Moto: Kami Mat Moto Bukan Mat Rempit,ROMANCE,9177587.352,2090566.595,0.142857143,0.857142857,Male
614,2016,11,24,41,Upin & Ipin Jeng Jeng Jeng!,ANIMATION,10034719.66,8362266.38,0.5,0.5,Male
615,2016,3,3,42,BoBoiBoy: The Movie,ANIMATION,32905518.21,10452832.98,0.285714286,0.714285714,Male
616,2016,1,28,43,Ola Bola,DRAMA,34912462.14,10452832.98,0.285714286,0.714285714,Male
617,2016,2,25,44,Munafik,HORROR,39804387.97,3344906.552,0.4,0.6,Male
618,2016,2,4,45,Let's Eat,COMEDY,0,0,0.25,0.75,Male
619,2016,3,10,46,The Kid from the Big Apple,DRAMA,0,0,0.333333333,0.666666667,Male
620,2016,9,15,47,Muluk dan Konco,COMEDY,0,0,0.2,0.8,Male
621,2016,11,24,48,Hanyut,HISTORICAL,0,0,0.333333333,0.666666667,Male
622,2016,12,24,49,Bo-Peng,COMEDY,0,0,0,1,Male
623,2016,12,24,50,Happy Birth Death,HORROR,0,0,0.6,0.4,Female
624,2017,8,31,1,Mendidih Bro,ADVENTURE,15484.80463,0,0.571428571,0.428571429,Female
625,2017,9,28,2,LuQman,DRAMA,15484.80463,0,0.666666667,0.333333333,Female
626,2017,11,23,3,Thottam: The Garden,DRAMA,15484.80463,0,0.333333333,0.666666667,Male
627,2017,1,19,4,Aku Bukan Spy,ACTION,15871.92475,0,0.5,0.5,Male
628,2017,7,20,5,Puthiya Payanam,ACTION,23227.20695,0,0.5,0.5,Male
629,2017,10,5,6,Vasantha Villas,ACTION,27098.40811,0,0.4,0.6,Male
630,2017,6,8,7,RIP?,DRAMA,30969.60926,0,0,1,Male
631,2017,4,20,8,Kamar Seksa,DRAMA,58068.01737,0,1,0,Female
632,2017,7,20,9,Kerja Kahwin,ROMANTIC_COMEDY,58068.01737,0,0.428571429,0.571428571,Male
633,2017,10,26,10,Asli,FAMILY,58068.01737,0,0.25,0.75,Male
634,2017,10,26,11,Dubai My Love,ROMANCE,58068.01737,0,0.5,0.5,Male
635,2017,8,3,12,Hijabsta Ballet,DRAMA,61939.21853,0,0.75,0.25,Female
636,2017,11,9,13,Jhangri,ROMANCE,65810.41969,0,0.2,0.8,Male
637,2017,8,10,14,Pencuri Hati Mr. Cinderella,ROMANCE,69681.62084,0,0.285714286,0.714285714,Male
638,2017,8,25,15,Vettai Karuppar Ayya,DRAMA,79359.62374,0,0,1,Male
639,2017,8,17,16,Balun,ACTION,85166.42548,0,0.5,0.5,Male
640,2017,2,16,17,Soulmate Hingga Jannah,ROMANTIC_COMEDY,98715.62953,0,0.6,0.4,Female
641,2017,2,23,18,Pak Pong,DRAMA,137814.7612,0,0.2,0.8,Male
642,2017,9,28,19,The Farm: En Veettu Thottathil,HORROR,147105.644,0,0,1,Male
643,2017,8,3,20,Maama Machan,COMEDY,170332.851,0,0.285714286,0.714285714,Male
644,2017,9,14,21,Kolestrol vs Cinta,ROMANCE,185817.6556,0,0.666666667,0.333333333,Female
645,2017,11,30,22,Aasaan,ACTION,185817.6556,0,0.25,0.75,Male
646,2017,1,26,23,New Year Wish,DRAMA,190850.2171,0,0.333333333,0.666666667,Male
647,2017,12,21,24,Brotherhood,ACTION,228013.7482,0,0.333333333,0.666666667,Male
648,2017,2,2,25,Aku Haus Darah Mu,HORROR,232272.0695,0,1,0,Female
649,2017,8,31,26,Malay Regiment,ACTION,232272.0695,0,0.25,0.75,Male
650,2017,10,5,27,Aku Bukan Terrorist,DRAMA,270984.0811,0,0.428571429,0.571428571,Male
651,2017,11,9,28,Headlines,HORROR,270984.0811,0,0,1,Male
652,2017,2,9,29,I Am Lee Kah Seng,COMEDY,294985.5282,0,0.333333333,0.666666667,Male
653,2017,4,6,30,Sindiket,THRILLER,325180.8973,0,0.714285714,0.285714286,Female
654,2017,3,9,31,Adiwira Ku,DRAMA,387894.356,0,0.714285714,0.285714286,Female
655,2017,9,7,32,Kau Takdirku,ROMANCE,389442.8365,0,0.333333333,0.666666667,Male
656,2017,9,21,33,9.13 The Returning,HORROR,410347.3227,0,0.4,0.6,Male
657,2017,10,12,34,Shuttle Life,FAMILY,421960.9262,0,0.333333333,0.666666667,Male
658,2017,9,7,35,Mrs K,ACTION,521063.6759,0,0.25,0.75,Male
659,2017,3,16,36,Therapist,HORROR,565195.3691,0,0.142857143,0.857142857,Male
660,2017,3,16,37,Kanang Anak Langkau: The Iban Warrior,ADVENTURE,688299.5659,23227206.95,0,1,Male
661,2017,11,2,38,Peransang Rentap,ROMANCE,878762.6629,0,0.4,0.6,Male
662,2017,12,7,39,Jibam,DRAMA,932959.4791,0,0.25,0.75,Male
663,2017,6,25,40,Minah Moto,ACTION_COMEDY,1277496.382,0,0.4,0.6,Male
664,2017,2,2,41,Money Money Home,COMEDY,1296852.388,0,0.25,0.75,Male
665,2017,1,2,42,Dorm Melati,HORROR,1369243.85,0,0.5,0.5,Male
666,2017,11,23,43,Motor Terbang: Rempit Sampai Langit,ACTION_COMEDY,1668487.699,0,0.5,0.5,Male
667,2017,4,13,44,Hospital,HORROR,1819464.544,0,0.75,0.25,Female
668,2017,5,4,45,Lebuhraya Ke Neraka,HORROR,2051736.614,0,0.2,0.8,Male
669,2017,12,7,46,"Papa, Come Home",FAMILY,2071092.62,0,0,1,Male
670,2017,10,19,47,Haunted Hotel,HORROR,2805459.479,0,0,1,Male
671,2017,12,21,48,KL Wangan: Bikin Gempak,ACTION,2864688.857,0,0.25,0.75,Male
672,2017,7,27,49,Kau Yang Satu,ROMANCE,2961468.886,0,0.333333333,0.666666667,Male
673,2017,3,23,50,Goodbye Mr. Loser,COMEDY,3100832.128,0,0.5,0.5,Male
674,2017,3,30,51,Kimchi Untuk Awak,ROMANTIC_COMEDY,3383429.812,0,0.714285714,0.285714286,Female
675,2017,1,26,52,Love From Kampung,COMEDY,4258321.274,0,0.5,0.5,Male
676,2017,5,4,53,You Mean the World to Me,DRAMA,4993849.494,0,0.2,0.8,Male
677,2017,11,30,54,Pinjamkan Hatiku,ROMANCE,10413531.12,0,0.6,0.4,Female
678,2017,9,21,55,Bisik Pada Langit,DRAMA,13549204.05,0,0.5,0.5,Male
679,2017,11,16,56,The Kid From The Big Apple 2: Before We Forget,FAMILY,16065484.81,0,0.5,0.5,Male
680,2017,3,2,57,J Revolusi,ACTION,27593921.85,0,0.333333333,0.666666667,Male
681,2017,10,12,58,Tombiruo: Penunggu Rimba,ACTION,30969609.26,0,0.2,0.8,Male
682,2017,8,24,59,Abang Long Fadil 2,ACTION_COMEDY,70262301.02,12387843.71,0.142857143,0.857142857,Male
683,2017,3,7,60,Henry of Malacca: A Malay and Magellan,DOCUMENTARY,0,0,,,Male
684,2017,3,16,61,Cerita-Cerita Didi And Friends,ANIMATION,0,0,0.5,0.5,Male
685,2018,11,15,1,Mahaguru,ACTION,2061.8147,0,0,1,Male
686,2018,3,1,2,Bidong The Boat People,HISTORICAL,3128.331593,0,0.25,0.75,Male
687,2018,3,29,3,Enjin No. 9,COMEDY,6693.859913,0,0.75,0.25,Female
688,2018,6,7,4,Impermanence Life,FAMILY,8239.296416,0,0.333333333,0.666666667,Male
689,2018,6,14,5,Qhaliq,ACTION,12559.7736,0,0.333333333,0.666666667,Male
690,2018,3,15,6,33km From KL,THRILLER,16613.95333,0,0,1,Male
691,2018,6,21,7,Blue Tears,HISTORICAL,17807.42599,0,0.333333333,0.666666667,Male
692,2018,2,22,8,Surf This Love: Gelora Juara,ROMANTIC_COMEDY,32114.05784,0,0.6,0.4,Female
693,2018,5,17,9,Sughamaai Subbulakshmi,ROMANCE,39289.04913,0,0,1,Male
694,2018,6,21,10,This Is Pilah,COMEDY,40557.72207,0,0.75,0.25,Female
695,2018,6,28,11,Ghora,HORROR,44601.72764,0,0.333333333,0.666666667,Male
696,2018,1,11,12,Busker,ROMANCE,60814.02302,0,0.666666667,0.333333333,Female
697,2018,5,10,13,Shun Pong O,ROMANCE,64819.10139,0,0.5,0.5,Male
698,2018,2,15,14,Badang,ACTION,65599.41487,0,0.333333333,0.666666667,Male
699,2018,3,22,15,Hantu Wangan,COMEDY,79111.31247,0,0.666666667,0.333333333,Female
700,2018,3,8,16,Get Hard Tongkat Ali,COMEDY,79476.96277,0,0.4,0.6,Male
701,2018,2,22,17,Amazing Titanman,SCIFI/FANTASY,81954.14842,0,0,1,Male
702,2018,7,19,18,Buyer Beware,HORROR,94928.40827,0,0,1,Male
703,2018,7,5,19,Atcham Thavir,COMEDY,106515.4441,0,0.25,0.75,Male
704,2018,1,18,20,Best Story,DRAMA,108887.3494,0,0.166666667,0.833333333,Male
705,2018,1,25,21,Bukan Cinta Malaikat,ROMANCE,118837.6733,0,0.5,0.5,Male
706,2018,2,1,22,Makrifat Cinta,DRAMA,122696.7747,0,0.571428571,0.428571429,Female
707,2018,5,24,23,Million Loves In Me,DRAMA,162199.9235,0,0.2,0.8,Male
708,2018,4,19,24,Villavan,ACTION,172061.7765,0,0.333333333,0.666666667,Male
709,2018,6,28,25,Blok 404: Hidup Sampai Mati,THRILLER,194879.3104,0,0.5,0.5,Male
710,2018,9,6,26,One Two Jaga,ACTION,442354.5805,0,0,1,Male
711,2018,7,26,27,Vedigundu Pasangge,ACTION_COMEDY,1247439.917,0,0.2,0.8,Male
712,2018,2,15,28,A House of Happiness,FAMILY,1406687.566,0,0.5,0.5,Male
713,2018,7,26,29,Pulang,HISTORICAL,1415534.658,0,0.4,0.6,Male
714,2018,3,15,30,Lee Chong Wei: Rise Of The Legend,DRAMA,4158133.057,0,0.142857143,0.857142857,Male
715,2018,4,5,31,Dukun,HORROR,8758620.694,0,0.2,0.8,Male
716,2018,3,8,32,KL Special Force,ACTION,10793451.76,0,0,1,Male
717,2018,11,22,33,Polis EVO 2,ACTION,19861720.66,7077673.288,0.142857143,0.857142857,Male
718,2018,8,9,34,Hantu Kak Limah 3,HORROR_COMEDY,26541274.83,0,0.428571429,0.571428571,Male
719,2018,9,27,35,PASKAL,ACTION,26983629.41,8847091.61,0,1,Male
720,2018,8,30,36,Munafik 2,HORROR,42466039.73,2211772.903,0.142857143,0.857142857,Male
721,2018,8,16,37,Wheely,ANIMATION,0,0,0.285714286,0.714285714,Male
722,2018,8,16,38,Thirudathey Papa Thirudathey,ACTION_COMEDY,0,0,0.25,0.75,Male
723,2018,9,13,39,Rise: Ini Kalilah,DRAMA,0,0,0.666666667,0.333333333,Female
724,2018,9,20,40,Neeyum Naanum,ROMANTIC_COMEDY,0,0,0.5,0.5,Male
725,2018,9,20,41,Langsuir,HORROR,0,0,,,Male
726,2018,9,27,42,Tangisan Akinabalu,HORROR,0,0,0,1,Male
727,2018,10,11,43,Kalla: Hidup Atau Mati,ACTION,0,0,0.428571429,0.571428571,Male
728,2018,10,25,44,Gol Dan Gincu Vol. 2,COMEDY,0,0,0.666666667,0.333333333,Female
729,2018,11,1,45,Operasi X,THRILLER,0,0,0,1,Male
730,2018,11,8,46,7ujuh,HORROR,0,0,0.428571429,0.571428571,Male
731,2018,11,29,47,Guang,FAMILY,0,0,0.333333333,0.666666667,Male
732,2018,12,6,48,Who Is The Champion?,ACTION,0,0,0.666666667,0.333333333,Female
733,2018,12,6,49,3AM,HORROR,0,0,0.333333333,0.666666667,Male
734,2018,12,13,50,A Stolen Life,THRILLER,0,0,0.25,0.75,Male
735,2018,12,27,51,Awang Gerudi,COMEDY,0,0,1,0,Female
736,2019,1,31,1,Bella & Jamie,DRAMA,6089.656127,0,0.666666667,0.333333333,Female
737,2019,10,31,2,7 Hari: Kisah Cinta Langkawi,ROMANTIC_COMEDY,7932.82696,0,0.25,0.75,Male
738,2019,10,17,3,Kolong,HORROR,17685.95498,0,1,0,Female
739,2019,2,28,4,Satte,THRILLER,18320.67395,0,0,1,Male
740,2019,11,21,5,M.O.X: Misi Operasi X,SCIFI/FANTASY,18659.08024,0,0.5,0.5,Male
741,2019,8,15,6,Warkah,DRAMA,19687.88842,0,0.4,0.6,Male
742,2019,11,28,7,Metro Maalai,ROMANCE,20215.88179,0,0.2,0.8,Male
743,2019,8,22,8,Kron,THRILLER,20901.37827,0,0.25,0.75,Male
744,2019,11,14,9,KL Vampires,ACTION,23498.19087,0,0.5,0.5,Male
745,2019,4,18,10,Two Sisters,THRILLER,28787.73651,0,,,Male
746,2019,9,26,11,Ennaval,HORROR,33535.03661,0,0.333333333,0.666666667,Male
747,2019,1,24,12,XX-Ray 3,SCIFI/FANTASY,37739.75972,0,0.2,0.8,Male
748,2019,1,17,13,Felina,HORROR,40361.82849,0,0.5,0.5,Male
749,2019,4,18,14,Homestay: Permainan Maut,HORROR,47882.66816,0,0.6,0.4,Female
750,2019,9,26,15,Motif,THRILLER,52214.6665,0,0.25,0.75,Male
751,2019,6,27,16,Azhaggiye Thee,DRAMA,52543.69288,0,0.25,0.75,Male
752,2019,10,3,17,Hero: Jangan Bikin Panas,ACTION_COMEDY,63926.30854,0,0.333333333,0.666666667,Male
753,2019,1,17,18,Lease of Life,DRAMA,79854.40688,0,0.5,0.5,Male
754,2019,9,5,19,Wangi,HORROR,80421.29874,0,0.75,0.25,Female
755,2019,4,11,20,Fly by Night,THRILLER,80768.07074,0,0,1,Male
756,2019,9,12,21,Suatu Ketika,HISTORICAL,95487.25318,0,,,Male
757,2019,11,14,22,Pulanaivu,THRILLER,124552.0785,0,0.5,0.5,Male
758,2019,5,30,23,Supermum,FAMILY,155397.4313,0,0.333333333,0.666666667,Male
759,2019,7,18,24,Kali Muni Tharisanam,THRILLER,156976.7381,0,0.333333333,0.666666667,Male
760,2019,10,3,25,Walk with Me,HORROR,189998.7627,0,0.2,0.8,Male
761,2019,3,28,26,Red Storm,ACTION,232745.9744,0,0,1,Male
762,2019,10,10,27,Geran,ACTION,312117.9949,0,0.5,0.5,Male
763,2019,9,19,28,Venpa,ROMANTIC_COMEDY,330568.7282,0,0.5,0.5,Male
764,2019,10,24,29,Anak Perjanjian Syaitan,HORROR,832939.4727,0,0.5,0.5,Male
765,2019,2,5,30,Amazing Spring,COMEDY,1993597.325,0,0.25,0.75,Male
766,2019,2,5,31,A Journey of Happiness,COMEDY,2351620.827,0,0.333333333,0.666666667,Male
767,2019,3,14,32,Bikers Kental 2,COMEDY,5088147.495,0,0,1,Male
768,2019,2,21,33,Misteri Dilaila,THRILLER,6260583.391,0,0.5,0.5,Male
769,2019,8,29,34,Sangkar,ACTION,6349779.999,0,0.25,0.75,Male
770,2019,3,21,35,Upin & Ipin: Keris Siamang Tunggal,ANIMATION,17361137.97,13257837.32,0.5,0.5,Male
771,2019,8,8,36,BoBoiBoy Movie 2,ANIMATION,19601712.48,4640243.062,0.333333333,0.666666667,Male
772,2019,11,28,37,Ejen Ali: The Movie,ANIMATION,19919900.57,4308797.129,0.4,0.6,Male
773,2019,3,7,38,Kuttram Seiyel,THRILLER,0,0,0.25,0.75,Male
774,2019,4,11,39,Bu,DRAMA,0,0,0.428571429,0.571428571,Male
775,2019,9,12,40,Dendam Pontianak,HORROR,0,0,0.428571429,0.571428571,Male
776,2019,9,12,41,M for Malaysia,DOCUMENTARY,0,0,,,Male
777,2019,10,31,42,Pusaka,HORROR,0,0,0.5,0.5,Male
778,2019,11,21,43,Wira,ACTION,0,0,0.142857143,0.857142857,Male
779,2019,12,5,44,Garang,ACTION,0,0,0.333333333,0.666666667,Male
780,2019,12,5,45,Lucky Blockchain,ACTION_COMEDY,0,0,0,1,Male
781,2019,12,12,46,Banglo No. 99,THRILLER,0,0,0.333333333,0.666666667,Male
782,2019,12,19,47,Busut Bonang,HORROR_COMEDY,0,0,0.142857143,0.857142857,Male
783,2020,1,2,1,At Rainbow's End 2,DOCUMENTARY,0,0,0.666666667,0.333333333,Female
784,2020,1,9,2,Suraya,HORROR,0,0,0.5,0.5,Male
785,2020,1,16,3,The Garden of Evening Mists,DRAMA,0,0,0.4,0.6,Male
786,2020,1,25,4,The God of Wealth,COMEDY,0,0,0,1,Male
787,2020,1,25,5,A Moment of Happiness,COMEDY,0,0,0.2,0.8,Male
788,2020,1,30,6,Fight Lah! Kopitiam,COMEDY,0,0,0.25,0.75,Male
789,2020,2,6,7,M4M4,HORROR,0,0,0.285714286,0.714285714,Male
790,2020,2,6,8,Good Wealth 2020,COMEDY,0,0,0,1,Male
791,2020,2,13,9,Santhittha Naal Muthal,ROMANCE,0,0,0.333333333,0.666666667,Male
792,2020,2,20,10,Rock 4: Rockers Never Dai,COMEDY,0,0,0.4,0.6,Male
793,2020,2,20,11,Unakkagathane,DRAMA,0,0,,,Male
794,2020,2,27,12,Ratu Kala Jengking,HORROR,0,0,0.5,0.5,Male
795,2020,3,5,13,Jodoh Syaitan,HORROR_COMEDY,0,0,0.333333333,0.666666667,Male
796,2020,3,5,14,Paakaati Po,ROMANTIC_COMEDY,0,0,0.2,0.8,Male
797,2020,3,12,15,Bulan Dan Pria Terhebat,ACTION_COMEDY,0,0,0.6,0.4,Female
798,2020,3,19,16,Roh,HORROR,0,0,0.6,0.4,Female
799,2020,3,19,17,Eye On The Ball,DOCUMENTARY,0,0,0,1,Male
800,2020,3,26,18,Town Mall,HORROR,0,0,0.6,0.4,Female
801,2020,3,26,19,Kenderaan Berat Ikut Kiri,COMEDY,0,0,0.5,0.5,Male
802,2020,3,26,20,Escape,THRILLER,0,0,0.285714286,0.714285714,Male
803,2020,4,2,21,Takut Ke Tak,HORROR_COMEDY,0,0,0.2,0.8,Male